Google Home,com.google.android.apps.chromecast.app
"DFNDR Security: Antivirus, Anti-hacking & Cleaner",com.psafe.msuite
Powerful Cleaner (Boost&Clean),com.powerful.cleaner
Multi Calculator,com.gomo.calculator
"Security Elite - Clean Virus, Antivirus, Booster",com.guardian.security.pri
Google Translate,com.google.android.apps.translate
"Virus Cleaner ( Hi Security ) - Antivirus, Booster",com.ehawk.antivirus.applock.wifi
Flashlight,com.jiubang.fastestflashlight
Flashlight LED â€“ the Brightest Flashlight Android,com.flashlight.brightest.beacon.torch
Samsung Smart Switch Mobile,com.sec.android.easyMover
Super Speed Cleaner - Antivirus Cleaner & Booster,com.hyperspeed.rocketclean
Super Speed - Clean & Booster,com.super.speed.cleaner.boost
ProClean (Cleaner & Booster & AppLock),com.fast.clean
"Super Cleaner - Antivirus, Booster, Phone Cleaner",com.apps.go.clean.boost.master
Amazon Fire TV Remote App,com.amazon.storm.lightning.client.aosp
Google Authenticator,com.google.android.apps.authenticator2
RobinSoon Clean - easy & fast,com.robincleaner.lite
Control Center IOS 11,com.luutinhit.controlcenter
Move to iOS,com.apple.movetoios
Clean Master- Space Cleaner & Antivirus,com.cleanmaster.mguard
Flashlight,com.peacock.flashlight
Rocket Cleaner - Phone Boost & Clean,com.boost.thrid.rocket
QR Code Scan & Barcode Scanner,tool.scanner
Super Fast Cleaner - Boost & Clean,com.fast.cleaner.boost.master.free
AK Cleaner,com.ph9.freesecurity.app
Screen Mirroring,screenmirroring.abdelm.com.screenmirroring
"Emoji Keyboard Cute Emoticons - Theme, GIF, Emoji",emoji.keyboard.emoticonkeyboard
Power Clean - Anti Virus Cleaner and Booster App,com.lionmobi.powerclean
Virus Cleaner - Antivirus Booster (Super Security),com.fasttrack.security
Fast Cleaner - Speed Booster & Cleaner,com.powerd.cleaner
Power Battery - Battery Life Saver & Health Test,com.lionmobi.battery
Speedtest by Ookla,org.zwanoo.android.speedtest
Find My Device,com.google.android.apps.adm
Copy My Data,com.mediamushroom.copymydata
"Power Security-Anti Virus, Phone Cleaner & Booster",com.lm.powersecurity
"SuperB Cleaner - Boost, Clean & APP LOCK",com.hermes.superb.booster
QR & Barcode Scanner,com.gamma.scan
MOD-MASTER for Minecraft PE (Pocket Edition) Free,com.appblockgames.freecraftexploration
Gboard - the Google Keyboard,com.google.android.inputmethod.latin
Guitar Tuner Free - GuitarTuna,com.ovelin.guitartuna
Notepad,com.ztnstudio.notepad
"Emoji Keyboard - Cute Emoji,GIF, Sticker, Emoticon",com.smartkeyboard.emoji
Samsung Smart View,com.samsung.smartviewad
Canon PRINT Inkjet/SELPHY,jp.co.canon.bsd.ad.pixmaprint
Canon Print Service,jp.co.canon.android.printservice.plugin
Universal TV Remote Control,codematics.universal.tv.remote.control
Lightning QRcode Scanner,com.application_4u.qrcode.barcode.scanner.reader.flashlight
"Hi VPN - Free Unlimited Proxy, Hotspot VPN",com.ehawk.proxy.freevpn
"Virus Cleaner - Antivirus, Booster (MAX Security)",com.powertools.privacy
Free QR Scanner: Bar Code Scanner & QR Code Reader,app.qrcode
XFINITY My Account,com.comcast.cvs.android
Epson Print Enabler,com.epson.mobilephone.android.epsonprintserviceplugin
Call Recorder - Automatic Call Recorder,call.recorder.automatic.acr
AVG AntiVirus for Android 2018,com.antivirus
Turbo VPN â€“ Unlimited Free VPN,free.vpn.unblock.proxy.turbovpn
Tech Coach,com.asurion.solutohome.verizon
Lookout Security Extension,com.lookout.net
QR Code Reader,tw.mobileapp.qrcode.banner
Google VR Services,com.google.vr.vrcore
Malwarebytes Security: Antivirus & Anti-Malware,org.malwarebytes.antimalware
Google,com.google.android.googlequicksearchbox
AppLock,com.domobile.applock
Remote Control for TV,com.vsray.remote.control
"Turbo Cleaner - Boost, Clean, more h5 games",com.turboc.cleaner
Free Wifi Hotspot Portable,com.vinhashapp.freewifihotspotportable
Calculator Pro - multi calculator,com.dtmobile.calculator
Space Cleaner - Super Cleaner & Booster,com.space.cleaner.booster.security.memory.free
Antivirus Free - Virus Cleaner,com.zrgiu.antivirus
Clap To Find My Phone,com.jvstudios.claptofindmyphone
WE Cleaner - Booster & Cleaner,com.mylite.browser4g
Track a Phone by Number,com.androidaplicativos.phonetrackerbynumber
Google Text-to-speech,com.google.android.tts
Super Antivirus Cleaner & Booster - MAX,com.oneapp.max
Files Go by Google: Free up space on your phone,com.google.android.apps.nbu.files
Samsung Gear,com.samsung.android.app.watchmanager
Google Opinion Rewards,com.google.android.apps.paidtasks
"Hi Keyboard - Emoji Sticker, GIF, Animated Theme",com.latininput.keyboard
Color Flash Light Alert Call,com.color.flashlight.alert
"Phone X Launcher, OS 11 iLauncher & Control Center",com.launcher.ios11.iphonex
Screen Lock - with Fingerprint Simulator,com.softwego.lockscreen
Avast Antivirus 2018,com.avast.android.mobilesecurity
BlockLauncher,net.zhuoweizhang.mcpelauncher
TruthFinder Background Check,com.truthfinder.app
Master for Minecraft-Launcher,com.groundhog.mcpemaster
Speedy Cleaner - Boost & Clean,com.speedy.cleaner.boost.optimizer
CCleaner,com.piriform.ccleaner
NordVPN - Fast & Secure VPN,com.nordvpn.android
Bitcoin Miner Android,coinminerandroid.coinminer.cma.coinminerandroid
To Clean -  Junk Clean& Saver,com.mas.fast.fulloptimizerlite
Top Boost,com.top.android.boost
Google TalkBack,com.google.android.marvin.talkback
Display Phone Screen On TV,screenmirroring.sarra.com.screenmirroring
"Security Master - Antivirus, VPN, AppLock, Booster",com.cleanmaster.security
BT Notifier,com.oss.btnotifier
Calculator,com.google.android.calculator
Calculator - Photo Vault (hidden your photos),eztools.calculator.photo.vault
"Phone Tracker By Number, Family & Friend Locator",com.gpsmap.findlocation.phonetracker
Deep Clear Clean,com.clean.memory.booster.pro
Remote for Vizio - NOW FREE,com.osfunapps.remoteforvizio
Google Now Launcher,com.google.android.launcher
Bubble Level,com.gamma.bubblelevel
"MAX AppLock - Privacy guard, Applocker",com.apps.security.master.antivirus.applock
Easy Universal TV Remote,com.easy.tv.remote
Flashlight,com.happyhollow.flash.torchlight
Network Master - Speed Test,com.lionmobi.netmaster
Gallery,com.threestar.gallery
My Spectrum,com.brighthouse.mybhn
Google Family Link,com.google.android.apps.kids.familylink
VPN Private,us.unbounded.vpn_private
AnyMote Universal Remote + WiFi Smart Home Control,com.remotefairy4
"Epic Security ( Clean Virus )â€“ Cleaner, Antivirus",com.secplus.antivirus.lab.guard
Super Optimizer - Clean & Boost,mobi.we.super.boost.cleaner.optimizer.free
Adobe AIR,com.adobe.air
LG Mobile Switch (Sender),com.lge.mobilemigration
Real Followers & Likes Boost,com.labels.boost
My Boost,com.boost.care
Cloud Clean,com.gray.timer.phonecleanerpro
SHAREit - Transfer & Share,com.lenovo.anyshare.gps
Sweep Clean - RAM Booster & Cleaner,com.phone.sweep.cleaner
Android System WebView,com.google.android.webview
Assistive Touch,com.luutinhit.assistivetouch
PowerPro: Battery Saver - manage your battery life,com.psafe.powerpro
Epson iPrint,epson.print
Universal remote control  Tv,com.RemotePlus.RemoteControlTvPlus
Barcode Scanner,com.qrcodescanner.barcodescanner
Samsung Voice Recorder,com.sec.android.app.voicenote
Speed Locker Free,com.lock.screen.apps.security
QR Code Reader,com.mobile.qrcodereader
Screen Stream Mirroring Free,com.mobzapp.screenstream.trial
Lookout Security & Antivirus,com.lookout
Tech Expert,com.asurion.home.sprint
Clock,com.google.android.deskclock
My Sprint,com.sprint.care
Brightest Flashlight - LED Light,com.intellectualflame.ledflashlight.washer
"Norton Clean, Junk Removal",com.symantec.cleansweep
Files To SD Card,cz.bukacek.filestosdcard
Flashlight+  without advertising,kr.caramel.flash_plus
Samsung Calculator,com.sec.android.app.popupcalculator
Rokie - Roku TV Remote Control App,com.kraftwerk9.rokie
Free Video Downloader - Download Videos Fastly,com.hdvideos.saverdownlo
RAR,com.rarlab.rar
Full Clean - Junk Clean & Booster,com.fast.fulloptimizer
Free Bitcoin - BTC Miner,com.freebitcoin.beastmminer
Screen Stream Mirroring,com.mirrorcast.stream.capture
Skins for Minecraft,com.mega_mc.mcpeskinstudio
Lock screen for Pokeball,com.rain.lockscreenpokeball
DiskDigger photo recovery,com.defianttech.diskdigger
Miracast Screen Sharing App,com.nadigapp.screensharing
Puppy Dog Pattern Lock Screen,com.appsfreelocker.puppy.pattern.lockscreen
Protect Free VPN+Data Manager,com.onavo.spaceship
Brightest Flashlight Pro,com.cc.flashlight
Free QR Code Scanner,com.kitkats.qrscanner
Dual Space - Multiple Accounts & Parallel APP,com.ludashi.dualspace
"GO Keyboard - Cute Emojis, Themes and GIFs",com.jb.emoji.gokeyboard
Compass (No Ads),fr.avianey.compass
Zodiac Signs 101 - Daily Horoscope Astrology 2018,com.zodiacastrology.dailyhoro
Tv Remote For Vizio,com.remote.tv.remote.viz
Toolbox for Minecraft: PE,io.mrarm.mctoolbox
Tv Remote For All Tv,com.tv.remote.controle.tv
Smart Cleaner - Speed Booster & Junk Clean,com.bubble.shooter.casual.game.booster
T-Mobile,com.tmobile.pr.mytmobile
Followers Insights-Follower Analytic for Instagram,com.follower.insights
Hotspot Shield Free VPN Proxy & Wi-Fi Security,hotspotshield.android.vpn
New Kodi Addons,com.voowp.addonsforkodi
Find My Phone,com.fsp.android.phonetracker
Speedcheck Pro,org.speedspot.speedanalytics
File Manager,com.asus.filemanager
Classic Notes - Notepad,com.trantrigroup.note
Open in Whatsapp,com.trianguloy.openInWhatsapp
Super Power Cleaner - Clear Cache & Speed Up Phone,com.powercleaner.master
Yellow Boosterâ€“ Clean & Boost,mobi.yellow.booster
Love Puppy Zipper Lock Screen,cute.app.lockscreen.love.puppy
Phone Number Tracker,com.phone.locationtracker.phonenumberlookup
Emoji lock screen pattern,com.bestlock.emojipattern
Norton Wifi Privacy VPN Proxy â€“ Security & Unblock,com.symantec.securewifi
Calculator Plus Free,com.digitalchemy.calculator.freedecimal
Android TV Remote Control,com.google.android.tv.remote
DU Battery Saver - Battery Charger & Battery Life,com.dianxinos.dxbs
Volume Booster GOODEV,com.goodev.volume.booster
Wifi Analyzer,com.farproc.wifi.analyzer
Bt Notifier -Smartwatch notice,com.azts.btnotifier
Brother iPrint&Scan,com.brother.mfc.brprint
Boost 411,com.soleo.numbersearch
Super Cleaner - RAM Booster,com.jointigers.studio.supercleanerpro
Kaspersky Mobile Antivirus: AppLock & Web Security,com.kms.free
NETGEAR Genie,com.dragonflow
Fingerprint Lock screen,net.getiteasy.fingerprint.lockscreen
Authy 2-Factor Authentication,com.authy.authy
Repost for Instagram,com.inst.repost
Don't Touch My Phone - #1 Anti Theft Alarm,com.smartapp.donottouch
Paycom,com.paycom.mobile.ess
Automatic Call Recorder,com.appstar.callrecorder
Keyboard,com.emoji.input.gif.theme.keyboard
SMS Backup & Restore,com.riteshsahu.SMSBackupRestore
Fingerprint Pattern App Lock,sparrow.peter.applockapplicationlocker
VPN Free - Betternet Hotspot VPN & Private Browser,com.freevpnintouch
CM Locker - Security Lockscreen,com.cmcm.locker
"Find iPhone, Android Devices, xfi Locator Lite",com.funreality.software.nativefindmyiphone.lite
Translate Platinum,com.sws.translate.subscribe
My Verizon,com.vzw.hss.myverizon
ZArchiver,ru.zdevs.zarchiver
Volume Booster Pro,com.music.hero.volume.master.control
Chrome Remote Desktop,com.google.chromeremotedesktop
Skin Editor for Minecraft,com.keeratipong.skineditorminecraft
Baby Girl Skins for Minecraft,com.octaviadev.babygirlskinsforminecraft
Switch Mobile Transfer,com.target.swi
Linksys,com.cisco.connect.cloud
"Phone Cleaner- Cache Clean, Android Booster Master",phone.cleaner.speed.booster.cache.clean.android.master
"Emoji keyboard - Cute Emoticons, GIF, Stickers",com.emoji.coolkeyboard
Keypad Lock Screen,com.yadavapp.keypadlockscreen
Mods Installer,com.installer.hackers
Wifi Speed Test,pth.speedtest.PeaSoft
Remote for Samsung Smart TV WiFi Remote,wifi.control.samsung
Root Checker,com.joeykrim.rootcheck
Free Wifi - Wifi Hotspot,com.runincotts.freewifihotspotportable
Maps for Minecraft PE,me.tombailey.mapsforminecraftpelite
Sound Meter,com.gamebasic.decibel
"360 Security -Free Antivirus,Booster,Space Cleaner",com.qihoo.security
Followers + for Instagram,real.followers.plus
"AVG VPN â€“ Unlimited, Secure VPN & Proxy",com.avg.android.vpn
Stud Detector,com.chatterbox.android.stud_detector
Gallery,photography.blackgallery.android
Microphone,com.sny135.mike
Antivirus Free,vnk.antivirusfree
Mobile Hotspot Router,com.sa.wifihotspot
Lock screen password,com.green.banana.app.lockscreenpassword
All Share Cast For Smart TV App,miracast.mirror.screen.dongles.app
Audio Recorder,com.sonymobile.androidapp.audiorecorder
QR Code Reader Extreme,com.fancyapp.qrcode.barcode.scanner.reader
Quick Messenger,com.quick.messenger
Smart Cooler - Phone Cooler & CPU Temp Controller,com.cooler.smartcooler
Color Flashlight,com.socialnmobile.hd.flashlight
Universal Remote Control Free,com.spw.universal.remote.control
bt notice for smart watch,com.ats.btnotice
Smart TV Remote,com.adi.remote.phone
"Net Master- Speed Test, WiFi Analyzer, Boost & VPN",com.ehawk.speedtest.netmaster
Free VPN proxy by Snap VPN,free.vpn.unblock.proxy.vpnpro
Avast Cleanup & Boost,com.avast.android.cleaner
Smart Cleaner : Junk Clean + Task Killer & Booster,com.jusweet.cleaner.booster.speed
"Antivirus & Virus Remover (Applock, Accelerator)",com.antivirus.mobilesecurity.viruscleaner.applock
"Dog Whistle, Free Dog Trainer!",proffesionals.dog.whistle.cat.repelent
Voice Screen Lock,com.axion.voicescreenlock
VPN Monster - free unlimited & security VPN proxy,free.vpn.unblock.proxy.vpnmonster
MMGuardian Parent App,com.mmguardian.parentapp
Guide for Who's Your Daddy,com.whosGuide.Youdaddy
APK Editor,com.gmail.heagoo.apkeditor
iLauncher OS 11 -  Phone X,com.storeos.ilauncher.iphonex.applelauncher
Call recorder,com.toh.callrecord
HI Locker,com.hilocker
Fake GPS Location,com.gsmartstudio.fakegps
Cache Cleaner-DU Speed Booster (booster & cleaner),com.dianxinos.optimizer.duplay
APK Installer,com.apkinstaller.ApkInstaller
Free VPN Unlimited Proxy - Proxy Master,com.freevpn.unblock.proxy
Translate voice - Translator,com.ticktalk.translatevoice
Puppy Dog Pin Lock Screen,com.appsfreelocker.puppy.pin.lockscreen
CetusPlay: Android TV Box | Fire TV | KODI Remote,com.cetusplay.remotephone
Jake Paul Wallpaper,com.Jakepaulzaza.wallpapers
TV Remote,com.tv.remote.controletv.tv
Falcon Mobi Cleaner - Antivirus & Junk Cleaner,com.falcon.clean.phone.master.junk.cleaner.battery.booster
Daydream,com.google.android.vr.home
HiPER Scientific Calculator,cz.hipercalc
Search By Image,com.palmteam.imagesearch
AirDroid: Remote access & File,com.sand.airdroid
Digital Scale FREE  - weight estimator simulator,com.aexol.digitalscalefree
AppLock,com.jiubang.alock
Find phone by clapping,iscon.dev.claptofindphone
Screenshot,com.geekslab.screenshot
Smart Thermometer,com.colortiger.thermo
Who Use My WiFi? ðŸ“± Network Tool,us.amzwaru.whousesmywifi
MMGuardian Parental Control  App For Kids Phone,com.mmguardian.childapp
Unfollowers & Followers Analytics for Instagram,com.instfollowers
Clap to Find,com.frimustechnologies.claptofind
Dog Whistle,pt.jmdev.apito_canino
Classic Big Keyboard,com.appstech.classic
Maps for Minecraft PE,com.keeratipong.mapsforminecraftpe
Blue Clean Pro - Clean and Boost,com.blue.clean.android.memory.boost.pro
SuperSU,eu.chainfire.supersu
T-Mobile Visual Voicemail,com.tmobile.vvm.application
Follow Insights - Get More Real Followers & Likes,com.insights.getlikes
Wifi Password Show,com.phuongpn.wifipasswordshow
Compass Steel 3D,com.simplywerx.compass3d
Vesync App 1.2.0,com.etekcity.vesyncplatform
DFNDR VPN Private & Secure Wi-Fi with Anti-hacking,com.psafe.vpn
Multi Language Translator Free,appinventor.ai_mayanktechnologies09.Translator
SmartHub,coop.nisc.android.smarthub
Mobile Number Locator,com.onex.mobilenumberlocator.callerid.mobile.number.locator.caller.location.tracker
DigDeep Image Recovery,com.greatstuffapps.digdeep
AppLock - Fingerprint,com.sp.protector.free
Clean Master Lite - For Low-End Phone,com.cmcm.lite
Remote for Roku,com.roku.view
House maps for Minecraft PE,house.maps.minecraft
Barcode Reader,com.seebetaapps.barcodereader
Free Litecoin Mining - Fast Payout to LTC Wallet,timerbtcash.spikdeb.com.freebitcoincash
-Ben and Ed- Guide,com.zr.Benand.Ed
dr.fone - Recovery & Transfer wirelessly & Backup,com.wondershare.drfone
Addons & Mods for Minecraft PE,com.minecraft.mods
Concealed Carry Weapon Laws,com.requestanapp.ccw
Norton App Lock,com.symantec.applock
Compass,app.melon.icompass
UFO Cleaner : Junk Clean + Task Killer & Booster,com.jusweet.keeper
WiFi Master Key - by wifi.com,com.halo.wifikey.wifilocating
"GT Recovery - Undelete,Restore",mobi.bihu.recovery
Whistle,com.dmitsoft.whistle
Guide -Fortnite BattleRoyale- GamePlay,com.zakoi.fortnite.BR
DIYZ,diyz_do_it_wize.apk
Ultra Fast Charging 5X,ultra.fast.charging.app
myCricket,com.mizmowireless.acctmgt
Fraction Calculator Plus Free,com.digitalchemy.calculator.freefraction
Disk Clean Suite,com.clean.boost.memory.junk.phone.pro
WIFI WPS WPA TESTER,com.tester.wpswpatester
Brightest Flashlight Free Â®,goldenshorestechnologies.brightestflashlight.free
Soluto,com.asurion.solutohome.walmart
Emoji Flashlight - Brightest Flashlight 2018,com.emoji.flashlight
Hola Free VPN Proxy,org.hola
Ruler,org.nixgame.ruler
Ruler,fr.ecp.ruler.app
Fake GPS location,com.lexa.fakegps
Apk Installer,braveheart.apps.apkinstaller
Vault Calculator Hide Pictures,com.fotoable.calculator.plus
Clap To Find My Phone,com.redteam.claptofind
Real Followers Pro,com.blacke.instatags
Photo Slideshow with Music,com.opalsapps.photoslideshowwithmusic
Mods & AddOns Master for MCPE (Minecraft PE),com.ultimategamestudio.mcpecenter.mods
"Free Phone Calls, Free Texting",com.wagtailapp
Flashlight - Brightest Flash Light,best.flashlight
CREATE YOUR OWN APPS,com.besome.sketch
SuperB Turbo Cleaner,com.ue11.freesecurity.app
Apps2Fire (Original),mobi.koni.appstofiretv
Fing - Network Tools,com.overlook.android.fing
File Viewer for Android,com.sharpened.androidfileviewer
Fusion Generator for Pokemon,com.dbgame.fusegenpkm
Smart Cleaner - Speed Booster & Memory Clean,smart.cleaner.booster.clean.battery.security.cooler
Gear S Plugin,com.samsung.android.gearoplugin
Notes,com.edi.masaki.mymemoapp
Root My Android,com.newrootchecker.rootandroidmobile
Wifi Booster - range Extender,org.wifi.booster.wifi.extender
"Power Antivirus - Virus Detector, Virus Defender",com.clean.security.cmbs
Screen Mirroring Assistant,screenmirroring.agillaapps.com.screenmirroring
Data Smart Switch,com.droidstudioinc.datasmartswitch
QR Code Reader: Barcode Scanner & QR Code Creator,qr.code.barcode.reader.scanner
Configurator for Kodi - Complete Kodi Setup Wizard,com.configurator.setup
File Manager,com.alc.filemanager
ExpressVPN - Best Android VPN,com.expressvpn.vpn
Dasher,com.doordash.driverapp
Hidden Apps,com.kingdev.hiddenapps
Ace Cleaner (Boost Speed Free),com.ace.cleaner
LG TV Remote 2011,com.clipcomm.WiFiRemocon
Video to MP3 Converter,com.naing.mp3converter
QR Android,org.mobileappsforce.qrandroid
AppLock Aurora,com.aurora.applock
Reverse Image Search (Google),com.thinkfree.searchbyimage
Survive ARK Companion: ARK Survival Evolved,com.landdragoon.sacompanion
Poke Genie - Safe IV Calculator for Pokemon Go,com.cjin.pokegenie.standard
Thermometer,com.bti.tempMeter
Dododex: Ark Survival Evolved,com.danlev.dododex
Play Services Info,com.weberdo.apps.serviceinfo
TunnelBear VPN,com.tunnelbear.android
TP-Link Tether,com.tplink.tether
I Screen Dialer,com.vma.iscreen.dialer
FREE Spyware & Malware Remover,com.arcane.incognito
SMS Backup +,com.zegoggles.smssync
"App lock - Real Fingerprint, Pattern & Password",fingerprint.applock
Adguard Content Blocker,com.adguard.android.contentblocker
Opera Free VPN - Unlimited VPN,com.opera.vpn
Apk Patcher â€“ App installer,com.luky.patcher.apk
Wheres My Droid,com.alienmanfc6.wheresmyandroid
Phone Lookup Premium - Reverse Phone Number Lookup,com.truthfinderphone.app
Unified Remote,com.Relmtech.Remote
Bitcoin Miner Robot,hcss.killua.bitminerrobot.bitcoinminerrobot
Phone X Full i Call Screen With Dialer,com.tritonsapp.phonexfullicallscreen
My Device,com.anu.main.myandroid
Mobile Security,com.webroot.security
Daydream Keyboard,com.google.android.vr.inputmethod
QR Code Reader,me.scan.android.client
VIP Access,com.verisign.mvip.main
WiFi Doctor-Detect & Boost,com.security.wifi.boost
Skins for Minecraft 2,com.edevgames.skinsforminecraft2
keypad lock screen,com.hpv.keypad.water
Cell Phone Tracker,com.alsoft.phone
Antivirus & cleaner,com.fotoable.cleaner
TorrDroid - Torrent Downloader,intelligems.torrdroid
Remote Control for all TV,com.mobiapp.remotecontrol
Screen Mirroring For Samsung Smart Tv,com.screen.Mirroring_smart_tv.app
ecoATM,com.ecoatm.ecoapp.android
ETH Miner Robot,ethereumminerrobot.eminerrobot.emr.ethereumminerrobot
Google Handwriting Input,com.google.android.apps.handwriting.ime
Instabridge - Free WiFi Passwords and Hotspots,com.instabridge.android
AndroDumpper ( WPS Connect ),com.bigos.androdumpper
NETGEAR WiFi Analytics,com.netgear.WiFiAnalytics
Â X-VPN - No Logs VPN Proxy & Wifi Privacy Security,com.security.xvpn.z35kb
Bixby Button Remapper - bxActions,com.jamworks.bxactions
Simple Stopwatch,toplab18.apps.simplestopwatch
VPN Proxy Master - free unblock & security VPN,free.vpn.unblock.proxy.vpn.master.pro
Big Digital Clock,de.andreas1724.bigdigitalclock
Skin Editor 3D for Minecraft,com.keeratipong.skineditor3dminecraft
"Video Converter, Video Compressor - VidCompact",com.xvideostudio.videocompress
VPN 360 - Unlimited Free VPN Proxy,co.infinitysoft.vpn360
Find Lost Phone,com.maha.org.findmylostphone
Official TWRP App,me.twrp.twrpapp
Password Screen Lock,com.haisom.workspace.password.screen.lock
X-plore File Manager,com.lonelycatgames.Xplore
KENWOOD Music Play,com.jvckenwood.ao2.kenwood.musicplay
Background Check BeenVerified,com.beenverified.android
Network Cell Info Lite,com.wilysis.cellinfolite
Fastest Clean,fast.clean.speed.cleaner.boost.battery.security
Bubble Level Galaxy,pl.nenter.app.bubblelevel
App Hider,com.app.hider.master.pro
Skins for Minecraft PE,me.tombailey.skinsforminecraftpe
Lite for Facebook - Security Lock,com.mfacebook.lite
Room thermometer,us.adultsfun.thermometer
Force Cleaner and Booster Pro,com.force.overall.android
Hexlock App Lock & Photo Vault,com.liquidum.hexlock
Icon Torch - Flashlight,ru.irk.ang.balsan.shortcutled
DU Cleaner â€“ Memory cleaner & clean phone cache,com.duapps.cleaner
Digital TV Antennas,ar.com.lichtmaier.antenas
Fast Charger Battery Master,com.eco.fastcharger
Guide for Street Fighter,com.messenger.game2.play.streefighter
Anti Malware - Scan Virus,com.antimalware.scanvirus1
Simple Gallery,com.simplemobiletools.gallery
Tv Remote For Vizio,remote.vizoziotv
Accuâ€‹Battery,com.digibites.accubattery
Galaxy S8 Samsung Keyboard,keyboard.theme.k850000148
"Reminder with Alarm, To Do List, Daily Reminder",reminder.alarm.clock.todo.task
Wifi WPS Unlocker,com.MelasGR.wifiunlocker
Smart Switch Mobile,com.smartapp.smartswitchmobile.topapps
AppLock,com.ivymobi.applock.free
XFINITY Mobile,com.xfinitymobile.myaccount
Mediatek SmartDevice,com.mtk.btnotification
CamFind - Visual Search Engine,com.msearcher.camfind
High-Powered Flashlight,com.ihandysoft.ledflashlight.mini
Phone 8 Emoji Keyboard,com.plus.kb.skin.iphone.iphone6.iphone7.iphone8.emoji.iphonekeyboard.iphone8emoji.keyboard.emoji
LG SmartThinQ,com.lgeha.nuts
Remote for All TV,appbank.remoteforalltv
Unblock Website VPN Browser,com.proxybrowser.vpn.unblock.sites.browser
Mobile Security & Antivirus,com.trendmicro.tmmspersonal
Bluetooth Pair,com.waylonhuang.bluetoothpair
Skins FNAF for Minecraft PE,com.octaviadev.skinsfnafforminecraft
Free Likes & Views,instant.tags.likes
WiFiAnalyzer (open-source),com.vrem.wifianalyzer
LED Flashlight Selene & FLASH,app.real.flashlight
"Speed Booster - Ram, Battery & Game Speed Booster",com.speed.boost.booster
Alexa Phone Finder,com.data_dive.com.alexaphonefinder
Cache Cleaner Super  clear cache & optimize,cache.optimize.cleancache.clearcache.cachecleaner.clean.clear.boost.booster.junk
Hidden Device Detector Cam Bug + Magnetometer,com.kaka.mama.studios.hiddendevicedetector.hiddencamera.hiddencameradetector
TV remote,us.tvremote.tvmasters.freeremote
Caller Name Announcer,com.anydroid.caller.name.announcer
Screenshot touch,com.mdiwebma.screenshot
Real Caller : CALLER ID & REVERSE LOOKUP,menwho.phone.callerid.social
Craiglist for jobs classifieds,com.mh.clmobile
Fingerprint Lock Screen Prank,fp.lockscreen
Cleaner - Phone Booster,memory.clean.booster.security.junkremoval
"AppMgr III (App 2 SD, Hide and Freeze apps)",com.a0soft.gphone.app2sd
4G WiFi Maps & Speed Test. Find Signal & Data Now.,com.staircase3.opensignal
BusyBox,stericson.busybox
Ruler App â€“ Measure length in inches + centimeters,net.kosev.rulering
Smart Tutor for SAMSUNG Mobile,com.rsupport.rs.activity.rsupport.aas2
Live Police Scanner,com.oakssoftware.livepolicescanner
Map Bikini bottom for MCPE,sponge.bob.minecraft
Update Software Latest,app.quantum.supdate
CALCUâ„¢ Stylish Calculator Free,com.candl.athena
Remote for Sony TV & Sony Blu-Ray Players MyAV,com.pocketwood.myav_sony_trial
"Thunder C - Cleaner with Applock, Phone Protection",com.ram.clean.power.optimizer.booster
Assistive Touch for Android,com.easytouch.assistivetouch
APUS Message Centerâ€”Intelligent management,com.apusapps.tools.unreadtips
Building for Minecraft Castle,com.doaibutechnology.minecraftcastle
HondaLink,com.honda.hondalink.connect
Magnifier + Flashlight,com.app2u.magnifier
Smart Messenger,com.smart.messenger
phone tricks secret shortcut,com.predictapps.Mobiletricks
Free 8ball pool coins,com.freecseblper.freecoinseblp
Deleted Photo Recovery,com.greatstuffapps.deletedPhotoRecoverySD
IR Universal TV Remote,com.freeirtv
GPS Phone Tracker: Offline Mobile Phone Locator,com.mobipixels.org.autotrackingme
Call recorder,com.callrecord.auto
Dog Whistle,com.greatapps.dog.whistle
Greenify,com.oasisfeng.greenify
Galaxy Sensors,it.ale32thebest.galaxysensors
Wifi Hotspot Free - Portable Wifi Hotspot,com.eco.wifitoolmaster
Digital Compass,com.vincentlee.compass
Compass 360 Pro Free,com.pro.app.compass
Ablota Hack Store Pro (Cydia),com.starapps.ablotahstorepro
Language Translator,laclaveganadora.translator
Xender - File Transfer & Share,cn.xender
Voice Search,com.prometheusinteractive.voice_launcher
Remote Control for DVD Player,com.rc.universal2
iLauncher i11,com.tortuga.launcher.ilauncher11
Undeleter Recover Files & Data,fahrbot.apps.undelete
GetThemAll Any File Downloader,com.fvd
Mobile Security & Antivirus,com.bitdefender.security
Secret Codes Hack,kteendroid.com.secratecodeshack
Network Signal Speed Booster,com.mcstealthapps3.networksignalsearch
Flashlight X,com.flashlight.sifiblue
Google Pinyin Input,com.google.android.inputmethod.pinyin
Super Loud Volume Booster Pro,heraaab.alex.volume.booster.pro7
TWC WiFi Finder,com.timewarnercable.wififinder
Touch VPN -Free Unlimited VPN Proxy & WiFi Privacy,com.northghost.touchvpn
Fake Text Message,com.neurondigital.FakeTextMessage
My Name Ringtone Maker,com.caller.ringtone.my.name.ringtone.maker
3D Cape Editor for Minecraft,com.crone.capeeditorforminecraftpe
Flashlight Ultimate,com.linterna.lanterna
